{
    "batch_size": 128,
    "best_valid_measure": 7.983561959671685e-11,
    "epoch": 26,
    "last_improvement": 4,
    "last_improvement_epoch": 22,
    "learning_rate": 0.001,
    "num_increases_bs": 0,
    "num_reductions_lr": 0,
    "steps": 26,
    "test_stats": {
        "class": {
            "accuracy": [
                0.42857142857142855,
                0.42857142857142855,
                0.42857142857142855,
                0.5714285714285714,
                0.5714285714285714,
                0.5714285714285714,
                0.5714285714285714,
                0.5714285714285714,
                0.42857142857142855,
                0.42857142857142855,
                0.5714285714285714,
                0.8571428571428571,
                0.5714285714285714,
                1.0,
                1.0,
                1.0,
                1.0,
                1.0,
                1.0,
                1.0,
                1.0,
                1.0,
                1.0,
                1.0,
                1.0,
                1.0
            ],
            "loss": [
                2573.2957589285716,
                1626.246372767857,
                456.408447265625,
                113.53410121372768,
                136.74879673549108,
                108.98619733537946,
                71.27219063895089,
                26.58016095842634,
                19.102648053850448,
                10.88863045828683,
                6.265254974365234,
                0.6107250622340611,
                0.4845520428248814,
                0.03297666140965053,
                8.038163546838664e-06,
                7.962190145300546e-09,
                5.209370296402735e-07,
                4.2202762935111034e-06,
                4.6554809419571285e-06,
                8.542146393405606e-07,
                4.018891835195453e-08,
                1.193840962595719e-09,
                4.9933612800145966e-11,
                1.3624214391581647e-07,
                1.0899137643199147e-06,
                6.67572021484375e-06
            ]
        },
        "combined": {
            "accuracy": [
                0.42857142857142855,
                0.42857142857142855,
                0.42857142857142855,
                0.5714285714285714,
                0.5714285714285714,
                0.5714285714285714,
                0.5714285714285714,
                0.5714285714285714,
                0.42857142857142855,
                0.42857142857142855,
                0.5714285714285714,
                0.8571428571428571,
                0.5714285714285714,
                1.0,
                1.0,
                1.0,
                1.0,
                1.0,
                1.0,
                1.0,
                1.0,
                1.0,
                1.0,
                1.0,
                1.0,
                1.0
            ],
            "loss": [
                2573.2957589285716,
                1626.246372767857,
                456.408447265625,
                113.53410121372768,
                136.74879673549108,
                108.98619733537946,
                71.27219063895089,
                26.58016095842634,
                19.102648053850448,
                10.88863045828683,
                6.265254974365234,
                0.6107250622340611,
                0.4845520428248814,
                0.03297666140965053,
                8.038163546838664e-06,
                7.962190145300546e-09,
                5.209370296402735e-07,
                4.2202762935111034e-06,
                4.6554809419571285e-06,
                8.542146393405606e-07,
                4.018891835195453e-08,
                1.193840962595719e-09,
                4.9933612800145966e-11,
                1.3624214391581647e-07,
                1.0899137643199147e-06,
                6.67572021484375e-06
            ]
        }
    },
    "train_stats": {
        "class": {
            "accuracy": [
                0.46875,
                0.46875,
                0.46875,
                0.53125,
                0.53125,
                0.53125,
                0.53125,
                0.53125,
                0.46875,
                0.46875,
                0.53125,
                0.8125,
                0.71875,
                0.96875,
                1.0,
                1.0,
                0.96875,
                0.96875,
                0.96875,
                0.96875,
                1.0,
                1.0,
                1.0,
                1.0,
                1.0,
                1.0
            ],
            "loss": [
                2515.275390625,
                1590.8486328125,
                445.35174560546875,
                125.91373443603516,
                151.20553588867188,
                119.82437133789062,
                78.16810607910156,
                28.73030662536621,
                20.909223556518555,
                12.012873649597168,
                7.05966854095459,
                0.8176010847091675,
                0.7960032820701599,
                0.10012535005807877,
                2.7685593522619456e-05,
                0.0032824764493852854,
                0.06526404619216919,
                0.11978185176849365,
                0.11861271411180496,
                0.08023728430271149,
                0.021364739164710045,
                0.001559155061841011,
                0.00011696653382387012,
                1.153629182226723e-05,
                1.5452136494786828e-06,
                7.332744758059562e-07
            ]
        },
        "combined": {
            "accuracy": [
                0.46875,
                0.46875,
                0.46875,
                0.53125,
                0.53125,
                0.53125,
                0.53125,
                0.53125,
                0.46875,
                0.46875,
                0.53125,
                0.8125,
                0.71875,
                0.96875,
                1.0,
                1.0,
                0.96875,
                0.96875,
                0.96875,
                0.96875,
                1.0,
                1.0,
                1.0,
                1.0,
                1.0,
                1.0
            ],
            "loss": [
                2515.275390625,
                1590.8486328125,
                445.35174560546875,
                125.91373443603516,
                151.20553588867188,
                119.82437133789062,
                78.16810607910156,
                28.73030662536621,
                20.909223556518555,
                12.012873649597168,
                7.05966854095459,
                0.8176010847091675,
                0.7960032820701599,
                0.10012535005807877,
                2.7685593522619456e-05,
                0.0032824764493852854,
                0.06526404619216919,
                0.11978185176849365,
                0.11861271411180496,
                0.08023728430271149,
                0.021364739164710045,
                0.001559155061841011,
                0.00011696653382387012,
                1.153629182226723e-05,
                1.5452136494786828e-06,
                7.332744758059562e-07
            ]
        }
    },